presynaptic cell,postsynaptic cell,weight
ADAL,ADAR,0.096467
ADAL,ASHL,0.017961
ADAL,AVAL,-0.017452
ADAL,AVAR,-0.005740
ADAL,AVBL,-0.007802
ADAL,AVBR,-0.003215
ADAL,AVDL,-0.000024
ADAL,AVDR,0.002754
ADAL,AVEL,0.003625
ADAL,AVER,-0.002736
ADAL,AVJL,-0.009950
ADAL,AVJR,0.003649
ADAL,AWBL,0.000305
ADAL,FLPR,-0.000508
ADAL,OLQVL,0.007830
ADAL,RICL,0.022217
ADAL,RICR,-0.005149
ADAL,RIML,0.004670
ADAL,RIPL,0.002669
ADAL,SAADL,0.010680
ADAL,SMDVR,-0.005408
ADAL,URXL,0.001900
ADAR,ADAL,0.077205
ADAR,ADER,0.053755
ADAR,ASHR,-0.002059
ADAR,AVAL,0.026395
ADAR,AVAR,0.012612
ADAR,AVBL,0.015559
ADAR,AVBR,0.004977
ADAR,AVDL,0.003518
ADAR,AVDR,0.004324
ADAR,AVEL,-0.003088
ADAR,AVER,-0.001336
ADAR,AVJL,0.003033
ADAR,AWBR,0.004221
ADAR,RICL,0.004779
ADAR,RICR,0.004876
ADAR,RIMR,0.006671
ADAR,RIVR,0.005755
ADAR,RMFR,-0.002929
ADAR,SAADR,0.001809
ADAR,SMDDR,-0.001539
ADAR,SMDVL,0.011673
ADAR,URXR,0.004853
ADEL,ADAL,0.017365
ADEL,ADER,-0.025657
ADEL,AINL,0.017445
ADEL,AQR,-0.001965
ADEL,ASJL,0.049474
ADEL,AVAL,0.009058
ADEL,AVAR,-0.002342
ADEL,AVDL,0.004081
ADEL,AVEL,0.002990
ADEL,AVKL,0.003211
ADEL,AVKR,0.037298
ADEL,CEPDL,0.010873
ADEL,CEPVL,-0.006209
ADEL,FLPL,0.067638
ADEL,IL2L,0.003199
ADEL,OLLL,-0.026554
ADEL,RIAL,-0.010245
ADEL,RIGL,-0.003539
ADEL,RIGR,-0.005372
ADEL,RIH,0.002061
ADEL,RIVL,-0.010053
ADEL,RIVR,0.008322
ADEL,RMDDR,0.027560
ADEL,RMDL,-0.006395
ADEL,RMDR,-0.042083
ADEL,RMER,-0.003082
ADEL,RMFR,-0.004142
ADEL,RMGL,0.003277
ADEL,SAADR,-0.013531
ADEL,SAAVL,-0.000728
ADEL,SMBDR,0.007583
ADEL,SMDDR,-0.009776
ADEL,SMDVL,0.008552
ADEL,URBL,-0.021308
ADER,ADAR,0.092844
ADER,ADEL,-0.012123
ADER,AINR,0.125087
ADER,ALA,0.002874
ADER,AQR,0.099506
ADER,AVAL,0.032908
ADER,AVAR,0.019310
ADER,AVBR,-0.000492
ADER,AVDR,0.000216
ADER,AVER,0.011065
ADER,AVJR,0.014070
ADER,AVKL,-0.021703
ADER,AVKR,0.060088
ADER,CEPDR,0.005320
ADER,CEPVR,0.005163
ADER,FLPL,0.043070
ADER,FLPR,0.041848
ADER,OLLR,0.011448
ADER,RIGL,0.008766
ADER,RIGR,-0.002295
ADER,RIH,0.001820
ADER,RIML,0.004425
ADER,RIVL,0.008385
ADER,RIVR,0.009063
ADER,RMDDL,0.003149
ADER,RMDL,-0.007423
ADER,RMDR,0.026849
ADER,RMFR,-0.005860
ADER,SAADL,0.040615
ADER,SAAVL,0.001757
ADER,SAAVR,0.028364
ADER,SMBVR,0.031260
ADER,URBR,0.002039
ADLL,ADAL,0.005714
ADLL,ADLR,0.082192
ADLL,AIYL,0.009026
ADLL,ALA,0.128005
ADLL,ASEL,0.047887
ADLL,ASER,0.011524
ADLL,ASGL,0.079022
ADLL,ASHL,0.021215
ADLL,ASKL,0.092250
ADLL,AVAL,0.048236
ADLL,AVAR,0.004867
ADLL,AVBL,0.098686
ADLL,AVDL,0.024875
ADLL,AVDR,0.006192
ADLL,AVEL,0.015101
ADLL,AVHL,0.188899
ADLL,AVHR,0.074971
ADLL,AVJL,0.020754
ADLL,AVJR,0.011785
ADLL,AWAL,0.016960
ADLL,AWBL,0.031724
ADLL,OLQVL,0.008994
ADLL,RIPL,0.017244
ADLL,RMGL,-0.001879
ADLL,SMBVL,0.002284
ADLR,ADLL,-0.008277
ADLR,ASER,-0.006493
ADLR,ASHR,-0.040358
ADLR,ASKR,0.007539
ADLR,AVAL,0.014295
ADLR,AVAR,-0.001842
ADLR,AVBL,-0.031628
ADLR,AVBR,0.006617
ADLR,AVDL,-0.004542
ADLR,AVDR,0.016913
ADLR,AVER,0.012571
ADLR,AVJL,0.003018
ADLR,AVJR,0.007328
ADLR,AWAR,0.024575
ADLR,AWBR,0.005124
ADLR,OLLR,0.001499
ADLR,OLQVR,0.003367
ADLR,RICL,-0.012631
ADLR,RICR,0.002759
ADLR,SMBVR,0.012108
ADLR,URYVR,0.003279
AFDL,AFDR,0.165806
AFDL,AINR,-0.141536
AFDL,AIYL,0.011652
AFDL,AIYR,-0.116622
AFDL,AIZL,-0.019829
AFDL,ASER,-0.076314
AFDL,AWBL,-0.003574
AFDL,BAGR,0.044650
AFDR,AFDL,0.072648
AFDR,AIYR,0.016581
AFDR,AIZR,0.015175
AFDR,ASEL,-0.051519
AFDR,ASER,-0.016354
AFDR,BAGL,-0.016788
AIML,ADAL,0.003141
AIML,AIMR,0.073576
AIML,AIZL,0.000902
AIML,ASGL,0.008469
AIML,ASHL,0.007106
AIML,ASJL,0.064337
AIML,ASKL,-0.009939
AIML,AVAL,0.000263
AIML,AVBL,0.006690
AIML,AVBR,-0.006189
AIML,AVDL,0.006869
AIML,AVDR,0.010321
AIML,AVEL,-0.000860
AIML,AVER,-0.008766
AIML,AVHL,-0.035964
AIML,AVHR,0.024722
AIML,AVJL,0.013910
AIML,AWBL,0.015302
AIML,CEPVL,-0.003060
AIML,RID,0.000865
AIML,RMGL,-0.000723
AIML,SMBDR,0.004986
AIML,SMBVL,0.003031
AIMR,ADAR,-0.023816
AIMR,AIML,0.114690
AIMR,AIYR,0.059738
AIMR,AIZR,-0.000290
AIMR,ASGR,0.051900
AIMR,ASHR,-0.015718
AIMR,ASJR,-0.002099
AIMR,ASKR,-0.059884
AIMR,AVAR,0.011443
AIMR,AVDR,-0.002007
AIMR,AVJR,0.002314
AIMR,AWBR,0.028960
AIMR,OLQDR,0.004256
AIMR,RICR,0.014711
AIMR,SMBDL,-0.001963
AIMR,URXR,0.001171
AINL,ADEL,0.006552
AINL,AFDL,-0.036709
AINL,AFDR,-0.052010
AINL,AINR,-0.414209
AINL,AIYR,-0.037285
AINL,ASEL,-0.008490
AINL,ASGL,-0.001863
AINL,ASGR,-0.087167
AINL,AUAL,0.088200
AINL,AUAR,-0.154928
AINL,AVAR,-0.011701
AINL,BAGL,-0.003426
AINL,BAGR,-0.012684
AINL,CEPVR,0.002985
AINL,RIAR,-0.035918
AINL,RIBL,0.001693
AINL,RIBR,-0.005594
AINL,RID,0.001387
AINL,RIMR,0.001217
AINL,URXR,0.011192
AINR,ADER,-0.005183
AINR,AFDL,0.017339
AINR,AFDR,0.096609
AINR,AINL,0.376268
AINR,ASEL,0.019060
AINR,ASER,-0.005393
AINR,ASGL,0.005014
AINR,ASGR,0.176520
AINR,AUAL,-0.058963
AINR,AUAR,0.106891
AINR,BAGL,0.007734
AINR,BAGR,-0.000504
AINR,CEPVL,0.020884
AINR,RIBL,0.008032
AINR,RIBR,0.005223
AINR,RID,0.023893
AINR,RIML,0.037585
AIYL,ADLL,0.003782
AIYL,AFDL,0.045052
AIYL,AIYR,0.108851
AIYL,AIZL,0.004033
AIYL,AIZR,-0.017829
AIYL,ASEL,0.016035
AIYL,ASER,0.075791
AIYL,ASGL,-0.002749
AIYL,AUAL,0.004013
AIYL,AVBL,0.012499
AIYL,AWAL,0.005167
AIYL,AWBL,0.004442
AIYL,BAGR,0.000008
AIYL,RIAL,0.062393
AIYL,RIAR,-0.045682
AIYL,RIBL,0.003308
AIYL,RIBR,-0.001798
AIYL,RIML,0.018323
AIYR,AFDR,-0.169319
AIYR,AIYL,0.006462
AIYR,AIZR,0.043303
AIYR,ASER,-0.011900
AIYR,ASGR,-0.008056
AIYR,AUAR,-0.011692
AIYR,AWAR,-0.029726
AIYR,AWBR,-0.037429
AIYR,BAGL,-0.003284
AIYR,RIAR,-0.018207
AIYR,RIBR,-0.005541
AIYR,RIMR,0.002933
AIZL,AFDL,-0.023985
AIZL,AIZR,0.008622
AIZL,ASEL,-0.058079
AIZL,ASER,-0.000263
AIZL,ASGL,-0.017681
AIZL,ASHL,0.007479
AIZL,ASHR,-0.020598
AIZL,AUAL,0.000890
AIZL,AUAR,-0.000658
AIZL,AVDL,-0.011400
AIZL,AVEL,-0.006741
AIZL,AVER,0.012147
AIZL,AWAL,-0.000408
AIZL,AWBL,-0.010941
AIZL,BAGR,0.009511
AIZL,RIAL,0.002954
AIZL,RIAR,-0.011968
AIZL,RID,0.001237
AIZL,RIGL,0.058048
AIZL,RIML,-0.000233
AIZL,SMBDL,0.001010
AIZL,SMBDR,0.006362
AIZL,SMBVL,-0.001240
AIZL,SMBVR,0.045721
AIZL,URYDL,-0.001249
AIZL,VB2,0.001293
AIZR,AFDR,0.100162
AIZR,AIYR,0.076935
AIZR,AIZL,0.012749
AIZR,ASEL,0.042662
AIZR,ASER,0.068667
AIZR,ASGR,-0.028188
AIZR,ASHL,-0.013751
AIZR,ASHR,0.058552
AIZR,AUAR,0.007045
AIZR,AVAL,0.015571
AIZR,AVEL,-0.006215
AIZR,AVER,0.033620
AIZR,AWAR,-0.000290
AIZR,AWBL,0.009170
AIZR,AWBR,0.001386
AIZR,BAGL,0.005432
AIZR,RIAL,-0.010519
AIZR,RIAR,0.011883
AIZR,RIBR,-0.013826
AIZR,RIGL,-0.016578
AIZR,RIH,0.002014
AIZR,RIMR,0.043624
AIZR,SMBDL,0.001881
AIZR,SMBDR,0.014818
AIZR,SMBVR,0.088138
AIZR,SMDDR,0.016298
ALA,ADEL,-0.006247
ALA,ADLL,0.002972
ALA,AVAL,0.014938
ALA,AVAR,0.017536
ALA,AVEL,-0.010718
ALA,AVER,-0.024549
ALA,RID,0.015369
ALA,RMDR,-0.024074
AQR,ADER,0.077756
AQR,AUAR,-0.000317
AQR,AVAL,-0.001805
AQR,AVAR,-0.013043
AQR,AVBL,-0.022683
AQR,AVBR,-0.003111
AQR,AVDL,0.007392
AQR,AVDR,0.009396
AQR,AVHL,0.003144
AQR,AVJL,0.004793
AQR,AVKL,0.049341
AQR,AVKR,-0.027599
AQR,BAGL,0.008358
AQR,BAGR,0.008737
AQR,FLPL,-0.005279
AQR,IL1VL,0.003915
AQR,RIAL,0.003819
AQR,RIAR,-0.017619
AQR,RIGL,-0.016146
AQR,RIGR,-0.007772
AQR,URXL,0.004946
ASEL,ADLL,-0.016277
ASEL,AFDL,-0.038337
ASEL,AFDR,-0.030315
ASEL,AINL,-0.004243
ASEL,AIYL,-0.006316
ASEL,AIYR,0.032505
ASEL,AIZL,-0.044514
ASEL,AIZR,0.009488
ASEL,ASGL,-0.011295
ASEL,ASHL,-0.015246
ASEL,BAGL,0.021429
ASEL,BAGR,-0.033921
ASEL,RIAR,-0.003205
ASER,AFDL,-0.009861
ASER,AFDR,-0.029080
ASER,AIYL,0.004706
ASER,AIYR,-0.009039
ASER,AIZL,0.017794
ASER,AIZR,0.010414
ASER,ASEL,0.024855
ASER,ASIR,0.021794
ASER,AWAR,0.041786
ASER,BAGR,0.009593
ASER,RIAL,0.006640
ASGL,AIML,-0.017156
ASGL,AINL,-0.023265
ASGL,AINR,0.086573
ASGL,AIYL,-0.006032
ASGL,AIZL,-0.002807
ASGL,ASJL,0.001864
ASGL,ASKL,0.053799
ASGL,CEPVL,0.006714
ASGR,AIMR,0.018211
ASGR,AINL,-0.073442
ASGR,AINR,-0.118787
ASGR,AIYR,-0.052809
ASGR,AIZR,-0.012544
ASHL,ADAL,0.028760
ASHL,ADLL,0.004037
ASHL,AIYL,-0.003993
ASHL,AIZL,0.023320
ASHL,AIZR,-0.019005
ASHL,ASHR,0.076955
ASHL,ASKL,0.011158
ASHL,AVAL,0.007602
ASHL,AVAR,0.004204
ASHL,AVBL,0.026959
ASHL,AVBR,-0.008418
ASHL,AVDL,0.028685
ASHL,AVDR,0.005293
ASHL,AVEL,0.026545
ASHL,AVHR,-0.015957
ASHL,AVJL,0.009290
ASHL,AVJR,0.014434
ASHL,AWAL,0.030127
ASHL,AWBL,0.006743
ASHL,RIAL,0.004157
ASHL,RICL,0.023540
ASHL,RIML,0.007765
ASHL,RIPL,0.002226
ASHL,RMGL,-0.002036
ASHL,SMBVL,-0.001112
ASHL,URXL,0.011101
ASHR,ADAR,-0.019166
ASHR,ADLR,-0.068192
ASHR,AIMR,-0.005115
ASHR,AIYR,-0.016503
ASHR,AIZL,-0.023540
ASHR,AIZR,0.041034
ASHR,ASHL,0.061887
ASHR,ASKR,-0.018100
ASHR,AVAL,0.014859
ASHR,AVAR,0.030773
ASHR,AVBL,0.016105
ASHR,AVBR,0.010152
ASHR,AVDL,0.009234
ASHR,AVDR,0.033928
ASHR,AVER,0.023470
ASHR,AVHL,0.062776
ASHR,AVJL,0.009966
ASHR,AWAR,0.023069
ASHR,AWBR,0.021525
ASHR,RIAR,0.004543
ASHR,RICR,0.030074
ASHR,RIMR,0.011130
ASIL,AFDL,0.080129
ASIL,AIYL,-0.008793
ASIL,AIZL,0.008615
ASIL,ASER,0.078533
ASIL,ASGL,0.016619
ASIL,ASHL,0.005502
ASIL,ASIR,0.142170
ASIL,ASKL,0.033215
ASIL,AWAL,-0.031867
ASIL,BAGR,-0.044399
ASIL,CEPVL,-0.004162
ASIL,RIAL,0.003922
ASIL,RIBL,0.002135
ASIR,ADLR,0.042159
ASIR,AFDR,0.007091
ASIR,AINL,0.060695
ASIR,AIYR,0.034085
ASIR,ASEL,-0.019577
ASIR,ASGR,0.086600
ASIR,ASHR,0.029640
ASIR,ASIL,0.083263
ASIR,ASKR,0.005253
ASIR,AWAR,-0.008810
ASIR,AWBR,0.007190
ASIR,RIAR,0.028228
ASJL,ALA,0.031478
ASJL,ASGL,-0.009328
ASJL,ASJR,0.017853
ASJL,ASKL,0.011010
ASJR,AINR,0.207171
ASJR,ALA,-0.155047
ASJR,ASJL,0.146084
ASJR,ASKR,-0.089462
ASKL,ADAL,0.002961
ASKL,ADLL,0.140073
ASKL,AIML,0.007097
ASKL,AINL,0.037448
ASKL,ASEL,-0.001031
ASKL,ASGL,0.083151
ASKL,ASIL,0.138298
ASKL,ASJL,0.010681
ASKL,ASKR,0.161751
ASKL,AWBL,0.016101
ASKL,RMGL,-0.002412
ASKL,SMDDR,-0.004266
ASKR,ADLR,-0.003550
ASKR,AIMR,-0.013023
ASKR,ASER,-0.024463
ASKR,ASHR,-0.010027
ASKR,ASKL,0.017118
ASKR,AVDR,-0.016457
ASKR,AVJR,-0.007979
ASKR,AWAR,0.001072
ASKR,CEPVR,-0.003699
AUAL,AINL,0.240775
AUAL,AINR,0.324873
AUAL,AIZL,0.003529
AUAL,AUAR,0.119671
AUAL,AVAL,0.012795
AUAL,AVDR,-0.010629
AUAL,AVEL,-0.013534
AUAL,AWBL,0.006299
AUAL,RIAL,0.026674
AUAL,RIBL,0.000516
AUAL,SAAVL,0.028033
AUAL,URXL,0.052829
AUAR,AINL,-0.238962
AUAR,AINR,-0.161320
AUAR,AIYR,-0.025331
AUAR,AIZL,0.000003
AUAR,AIZR,0.004767
AUAR,AUAL,0.071342
AUAR,AVAR,0.000335
AUAR,AVDL,0.002979
AUAR,AVER,0.014049
AUAR,AWBR,0.003585
AUAR,BAGL,-0.005050
AUAR,RIAR,-0.025324
AUAR,RIBR,0.000072
AUAR,URXR,0.034260
AVAL,ADEL,0.003041
AVAL,ADER,0.016707
AVAL,AVAR,0.053893
AVAL,AVBR,-0.019398
AVAL,AVDL,-0.025934
AVAL,AVEL,0.044750
AVAL,AVHL,-0.021341
AVAL,AVJL,-0.010035
AVAL,DA1,0.002919
AVAL,FLPL,-0.017498
AVAL,RIGR,-0.000087
AVAL,RIML,0.012615
AVAL,RIMR,0.009971
AVAL,SABD,-0.004960
AVAL,SABVR,-0.027482
AVAL,URYDL,0.012720
AVAL,URYVL,-0.010377
AVAL,URYVR,0.005433
AVAL,VA1,0.022931
AVAR,ADER,0.010846
AVAR,AVAL,0.065620
AVAR,AVBL,0.005002
AVAR,AVDL,-0.003151
AVAR,AVDR,-0.024631
AVAR,AVEL,0.000927
AVAR,AVER,0.044124
AVAR,DA1,-0.014336
AVAR,RIGL,0.035975
AVAR,RIML,0.010374
AVAR,RIMR,-0.008582
AVAR,RMDVR,0.029210
AVAR,SABD,0.019336
AVAR,SABVR,0.038365
AVAR,URYDR,0.005417
AVAR,URYVL,0.000168
AVAR,URYVR,0.013211
AVBL,AQR,-0.031595
AVBL,AVAL,-0.017899
AVBL,AVAR,-0.005275
AVBL,AVBR,0.060255
AVBL,AVDL,-0.013057
AVBL,AVDR,0.057965
AVBL,AVEL,-0.013378
AVBL,AVER,0.025348
AVBL,RIBL,-0.000124
AVBL,RIBR,0.002876
AVBL,RID,-0.038286
AVBL,VB1,0.071841
AVBL,VB2,0.013303
AVBR,AVAL,-0.018066
AVBR,AVAR,0.004397
AVBR,AVBL,0.052233
AVBR,AVDR,0.036748
AVBR,AVJR,0.067600
AVBR,DB1,-0.038361
AVBR,DB2,0.017338
AVBR,DD1,0.010025
AVBR,RIBL,-0.000126
AVBR,RIBR,0.000018
AVBR,RID,0.006670
AVBR,VB2,0.004073
AVDL,ADAL,0.002358
AVDL,ADAR,0.005907
AVDL,AVAL,-0.035539
AVDL,AVAR,-0.018298
AVDL,AVDR,0.031945
AVDL,DA1,-0.005988
AVDL,FLPL,0.015891
AVDL,FLPR,0.018226
AVDL,SABD,0.002450
AVDL,SABVR,-0.001144
AVDR,ADAL,-0.000895
AVDR,ADAR,0.014401
AVDR,ADLL,0.017811
AVDR,AVAL,-0.000273
AVDR,AVAR,-0.014854
AVDR,AVBL,0.029923
AVDR,AVDL,0.026269
AVDR,AVJL,0.011196
AVDR,DA1,0.002673
AVDR,FLPR,0.023934
AVDR,SABD,0.006192
AVDR,SABVR,-0.005665
AVEL,AVAL,0.077894
AVEL,AVAR,0.025604
AVEL,AVER,0.058279
AVEL,CEPVL,-0.035646
AVEL,DA1,0.065623
AVEL,OLQDR,-0.018672
AVEL,OLQVR,0.018147
AVEL,RIML,0.047526
AVEL,RIMR,0.007142
AVEL,RIS,-0.002453
AVEL,RIVL,0.016912
AVEL,RIVR,-0.007130
AVEL,RMDDR,-0.010436
AVEL,RMDVL,0.056461
AVEL,RMDVR,-0.002850
AVEL,RMED,-0.004402
AVEL,RMEL,-0.019312
AVEL,RMER,-0.019279
AVEL,RMEV,0.006586
AVEL,SAAVL,0.022492
AVEL,SABD,0.002026
AVEL,SABVR,-0.006507
AVEL,URYVR,0.003648
AVEL,VA1,0.021430
AVER,AIZR,0.009564
AVER,AVAL,0.036576
AVER,AVAR,0.042680
AVER,AVDR,0.005390
AVER,AVEL,0.042094
AVER,BAGR,0.016642
AVER,CEPVR,-0.015207
AVER,DA1,-0.001810
AVER,OLQDL,-0.001242
AVER,OLQVL,-0.001677
AVER,RIML,0.009217
AVER,RIMR,-0.047277
AVER,RIVR,0.006198
AVER,RMDDL,0.003829
AVER,RMDVL,0.007195
AVER,RMDVR,0.015124
AVER,RMEV,-0.013510
AVER,SABD,-0.006538
AVER,SABVR,0.007339
AVER,URYDR,0.086272
AVER,URYVL,0.023804
AVER,VA1,-0.001326
AVG,AVAR,0.006552
AVG,AVBL,-0.002573
AVG,AVBR,-0.001668
AVG,AVDR,-0.001836
AVG,AVEL,-0.001426
AVG,AVER,0.001254
AVG,AVJL,-0.001486
AVHL,ADLR,-0.105948
AVHL,AQR,-0.001684
AVHL,ASHR,0.008968
AVHL,AVAR,-0.010419
AVHL,AVBL,-0.037524
AVHL,AVBR,-0.009561
AVHL,AVDL,-0.004619
AVHL,AVHR,0.009942
AVHL,AVJL,0.014638
AVHL,AWBR,-0.002538
AVHL,BAGL,0.012498
AVHL,RIH,0.000381
AVHL,RIMR,0.005265
AVHL,RIVL,0.040210
AVHL,SMBDR,0.005907
AVHL,SMBVR,0.008936
AVHL,SMDVL,-0.008485
AVHL,URXR,0.013774
AVHR,ADLL,0.040869
AVHR,ADLR,0.085777
AVHR,AINR,0.330618
AVHR,AQR,0.006074
AVHR,ASHL,-0.011974
AVHR,AVAL,-0.004165
AVHR,AVBL,0.025293
AVHR,AVBR,-0.009017
AVHR,AVDR,0.006463
AVHR,AVER,-0.007989
AVHR,AVHL,0.067192
AVHR,AVJL,0.005017
AVHR,AVJR,0.015372
AVHR,AWBL,-0.012315
AVHR,AWBR,-0.001832
AVHR,RICL,0.012037
AVHR,RIGL,0.002333
AVHR,RIML,-0.010828
AVHR,RIVR,0.035596
AVHR,SMBDL,0.000675
AVHR,SMBVL,-0.002146
AVHR,SMDVR,0.001839
AVHR,URXL,0.011590
AVJL,ADAR,-0.018648
AVJL,AIYR,0.018722
AVJL,AQR,0.011875
AVJL,ASKL,0.008989
AVJL,AVAL,-0.010943
AVJL,AVAR,0.009069
AVJL,AVBL,0.007957
AVJL,AVBR,-0.003432
AVJL,AVDL,0.041162
AVJL,AVDR,0.001107
AVJL,AVEL,-0.008410
AVJL,AVHL,0.036411
AVJL,AVJR,0.021297
AVJL,RIMR,0.010910
AVJL,RIS,0.000585
AVJR,AIYL,-0.000782
AVJR,AQR,0.000889
AVJR,AVAL,-0.002934
AVJR,AVAR,0.011014
AVJR,AVBL,-0.005452
AVJR,AVBR,0.074228
AVJR,AVDL,0.016637
AVJR,AVDR,-0.001214
AVJR,AVER,-0.012367
AVJR,AVJL,0.014032
AVJR,RID,0.002750
AVJR,RIML,-0.000098
AVJR,RIS,-0.000168
AVKL,ADER,-0.031687
AVKL,AQR,0.066465
AVKL,AVBL,0.006038
AVKL,AVEL,-0.002210
AVKL,AVER,-0.008341
AVKL,AVKR,-0.034235
AVKL,RICL,-0.006592
AVKL,RICR,-0.004316
AVKL,RIGL,0.035239
AVKL,RIGR,0.005401
AVKL,RIML,0.022304
AVKL,RIMR,0.001950
AVKL,RIS,-0.000214
AVKL,RIVL,0.002062
AVKL,RMDL,-0.016722
AVKL,RMFR,-0.000679
AVKL,SAADR,-0.004729
AVKL,SAAVR,0.009698
AVKL,SMBDL,0.005943
AVKL,SMBDR,0.037021
AVKL,SMBVL,-0.008823
AVKL,SMBVR,-0.026181
AVKL,SMDDL,-0.001032
AVKL,SMDDR,-0.003567
AVKL,SMDVL,0.013962
AVKL,VB1,0.069879
AVKR,ADEL,-0.007470
AVKR,ADER,-0.006905
AVKR,AQR,0.006372
AVKR,AVEL,0.014618
AVKR,AVER,0.001629
AVKR,AVKL,-0.044417
AVKR,FLPL,0.038480
AVKR,RICL,0.090058
AVKR,RICR,0.036518
AVKR,RIGL,-0.038658
AVKR,RIGR,0.027082
AVKR,RIML,-0.025298
AVKR,RIMR,0.007566
AVKR,RIS,0.003138
AVKR,RIVL,-0.001783
AVKR,RIVR,-0.005495
AVKR,RMDL,0.020014
AVKR,RMDR,0.061926
AVKR,RMFR,0.027357
AVKR,SAADL,-0.063993
AVKR,SAAVL,-0.007192
AVKR,SMBDL,-0.008284
AVKR,SMBDR,0.057808
AVKR,SMBVR,0.011999
AVKR,SMDDL,-0.004641
AVKR,SMDDR,0.014037
AVKR,SMDVL,-0.011081
AVKR,SMDVR,-0.005764
AWAL,ADAL,0.004975
AWAL,ADLL,0.003286
AWAL,AFDL,0.085543
AWAL,AIML,0.009579
AWAL,AIYL,0.008825
AWAL,AIZL,0.030453
AWAL,ASEL,0.156134
AWAL,ASGL,0.052615
AWAL,ASHL,0.065121
AWAL,ASIL,-0.049125
AWAL,ASKL,-0.004033
AWAL,AUAL,0.005898
AWAL,AWAR,0.020664
AWAL,AWBL,0.069699
AWAR,ADAR,0.007255
AWAR,ADLR,0.148972
AWAR,AFDR,0.127526
AWAR,AIYR,0.042554
AWAR,AIZR,-0.008115
AWAR,ASEL,0.051999
AWAR,ASER,0.222053
AWAR,ASGR,0.155171
AWAR,ASHR,0.062123
AWAR,ASKR,0.119645
AWAR,AUAR,-0.009397
AWAR,AWAL,0.010479
AWAR,AWBR,0.083459
AWAR,RIGR,-0.001833
AWBL,ADAL,-0.013586
AWBL,AIYL,-0.005142
AWBL,AIZL,-0.010022
AWBL,AIZR,0.005970
AWBL,ASEL,-0.020168
AWBL,ASHL,-0.000683
AWBL,AUAL,0.004314
AWBL,AVBL,0.014833
AWBL,AVHR,-0.007891
AWBL,AWAL,0.025659
AWBL,AWBR,0.022031
AWBL,RIAL,0.020213
AWBL,RIBL,0.002861
AWBL,RIGL,0.012626
AWBL,RMGL,0.001399
AWBL,SMBDL,0.002843
AWBL,SMBVL,-0.004743
AWBR,ADAR,0.004670
AWBR,AIMR,0.005147
AWBR,AIYR,-0.012377
AWBR,AIZR,-0.008885
AWBR,ASGR,0.016442
AWBR,ASHR,0.019021
AWBR,AUAR,-0.005476
AWBR,AVBR,0.012816
AWBR,AVHL,-0.001166
AWBR,AWAR,0.040576
AWBR,AWBL,0.026215
AWBR,RIAR,0.024649
AWBR,RIBR,0.000554
AWBR,RICL,0.024494
AWBR,RIGR,0.003328
AWBR,RMFR,-0.000090
AWBR,SMBDR,0.000686
AWBR,SMBVR,-0.004955
BAGL,AFDR,0.002540
BAGL,AINL,0.007713
BAGL,AIYR,-0.001870
BAGL,AIZR,-0.006331
BAGL,AVAR,-0.005578
BAGL,AVEL,-0.013740
BAGL,AVER,0.000430
BAGL,BAGR,0.013085
BAGL,RIAR,0.027205
BAGL,RIBL,-0.009872
BAGL,RIBR,0.023757
BAGL,RIGL,0.006576
BAGL,RIGR,0.011463
BAGL,RIMR,-0.034267
BAGL,RMFR,-0.001818
BAGR,AFDL,0.048460
BAGR,AIYL,-0.001538
BAGR,AIZL,0.006833
BAGR,AQR,0.013898
BAGR,AUAL,-0.000007
BAGR,AVAL,0.032853
BAGR,AVDL,0.012629
BAGR,AVEL,0.006089
BAGR,AVER,0.007255
BAGR,BAGL,0.025286
BAGR,OLQVL,0.015007
BAGR,RIAL,0.071354
BAGR,RIBL,0.014883
BAGR,RIBR,0.016713
BAGR,RID,0.004043
BAGR,RIGL,-0.009112
BAGR,RIGR,0.043614
BAGR,URXL,0.003849
CEPDL,ADEL,0.009405
CEPDL,AVER,0.010882
CEPDL,CEPDR,0.173323
CEPDL,IL1DL,0.026026
CEPDL,OLLL,0.002976
CEPDL,OLQDL,0.030260
CEPDL,RIBL,0.007349
CEPDL,RICL,-0.013389
CEPDL,RICR,0.025816
CEPDL,RIH,0.009968
CEPDL,RIPL,0.001490
CEPDL,RIS,0.004859
CEPDL,RMDVL,-0.010118
CEPDL,RMGL,0.001196
CEPDL,SMBDR,0.004938
CEPDL,SMDDR,0.004801
CEPDL,URADL,-0.003603
CEPDL,URBL,0.006329
CEPDL,URXL,0.068861
CEPDL,URYDL,-0.017512
CEPDR,AVBL,-0.000497
CEPDR,AVDR,0.019546
CEPDR,AVEL,0.003813
CEPDR,AVJR,0.001089
CEPDR,CEPDL,0.082375
CEPDR,IL1DR,0.000160
CEPDR,OLLR,0.009811
CEPDR,OLQDR,0.013978
CEPDR,RIBR,-0.000246
CEPDR,RICL,-0.008141
CEPDR,RICR,0.025738
CEPDR,RIH,-0.010277
CEPDR,RIS,-0.003292
CEPDR,RMDDL,0.004110
CEPDR,RMDDR,0.005081
CEPDR,RMDR,-0.001588
CEPDR,RMDVR,-0.002536
CEPDR,SMBDL,0.002438
CEPDR,SMBDR,0.003415
CEPDR,SMDDL,0.010861
CEPDR,URADR,0.007524
CEPDR,URBR,0.010121
CEPDR,URXR,0.101146
CEPDR,URYDR,0.014469
CEPVL,ADLL,-0.004388
CEPVL,AVEL,-0.023948
CEPVL,AVER,-0.013040
CEPVL,IL1VL,-0.010925
CEPVL,OLLL,-0.003984
CEPVL,OLQVL,-0.013206
CEPVL,RIAL,0.034700
CEPVL,RIBL,-0.009213
CEPVL,RICL,0.024515
CEPVL,RICR,-0.017805
CEPVL,RIH,0.016983
CEPVL,RIPL,-0.029755
CEPVL,RMDDL,0.003755
CEPVL,SMBVL,0.000770
CEPVL,SMDDL,0.007923
CEPVL,SMDVR,-0.037737
CEPVL,URAVL,-0.015801
CEPVL,URBL,0.143456
CEPVL,URXL,-0.006053
CEPVL,URYVL,-0.025139
CEPVR,ASGR,0.050371
CEPVR,AVBR,-0.003474
CEPVR,AVEL,-0.009700
CEPVR,AVER,-0.007281
CEPVR,IL1VR,-0.002721
CEPVR,IL2VR,0.013202
CEPVR,OLLR,-0.019491
CEPVR,OLQVR,-0.039920
CEPVR,RIBR,-0.012013
CEPVR,RICL,-0.001422
CEPVR,RICR,0.008544
CEPVR,RIH,0.010985
CEPVR,RIVL,-0.009122
CEPVR,RMDDR,0.005835
CEPVR,RMDR,-0.015627
CEPVR,SMBVR,0.012608
CEPVR,SMDVL,0.005588
CEPVR,URAVR,-0.048518
CEPVR,URBR,0.032933
CEPVR,URXR,0.008398
CEPVR,URYVR,-0.008676
DA1,AVAL,0.011297
DA1,AVAR,0.005724
DA1,DD1,0.060995
DA1,SABVR,0.015889
DB1,AVBR,-0.032250
DB1,DB2,0.060997
DB1,DD1,0.047749
DB1,RID,0.000143
DB1,RIS,-0.000050
DB2,AVBR,0.022569
DB2,DB1,0.094759
DB2,VB1,0.115265
DD1,AVBR,-0.002271
FLPL,ADAL,0.005684
FLPL,ADAR,-0.010077
FLPL,ADEL,0.076953
FLPL,ADER,0.061753
FLPL,AVAL,-0.019446
FLPL,AVAR,-0.008245
FLPL,AVBL,0.011028
FLPL,AVBR,-0.001857
FLPL,AVDL,-0.000984
FLPL,AVDR,0.002354
FLPL,AVEL,-0.008390
FLPL,AVER,-0.009139
FLPL,AVJL,0.015771
FLPL,AVKR,0.007244
FLPL,FLPR,0.015890
FLPL,RIH,-0.005680
FLPL,RIML,0.013903
FLPL,RIS,-0.003772
FLPR,ADAR,-0.010249
FLPR,ADER,0.068178
FLPR,AVAL,-0.011808
FLPR,AVAR,0.010441
FLPR,AVBL,0.000197
FLPR,AVBR,0.002204
FLPR,AVDL,0.010511
FLPR,AVDR,0.021088
FLPR,AVEL,-0.005868
FLPR,AVER,-0.010237
FLPR,AVJR,0.007230
FLPR,FLPL,0.005477
FLPR,RIGL,0.012397
FLPR,RIH,0.000431
FLPR,VB1,0.017066
I1L,I1R,0.063856
I1L,I2L,-0.001060
I1L,I2R,0.007236
I1L,M2L,0.009037
I1L,M2R,-0.007439
I1L,M3L,-0.003165
I1L,M3R,-0.001907
I1L,MCL,-0.012796
I1L,MCR,0.009936
I1L,MI,-0.002004
I1L,NSML,-0.004360
I1L,NSMR,0.010241
I1R,I1L,0.066476
I1R,I2L,0.019884
I1R,I2R,0.016570
I1R,M2L,0.006072
I1R,M2R,-0.003665
I1R,M3L,0.003014
I1R,M3R,0.000274
I1R,MCL,-0.002458
I1R,MCR,0.023777
I1R,MI,0.002826
I1R,NSML,0.008673
I1R,NSMR,0.009515
I1R,RIPL,0.009548
I2L,I1L,0.013298
I2L,I1R,-0.000138
I2L,I4,0.004615
I2L,I6,-0.003283
I2L,M1,0.023666
I2L,NSML,0.056099
I2L,NSMR,0.064043
I2R,I1L,0.020909
I2R,I1R,0.047568
I2R,I4,-0.001958
I2R,I6,0.014383
I2R,M1,0.007570
I2R,NSML,0.081911
I2R,NSMR,0.157291
I3,I1L,0.008513
I3,I1R,0.010761
I3,M1,0.006235
I3,M2L,-0.006245
I3,M2R,-0.005058
I3,M3L,0.013146
I3,M3R,0.010432
I3,MCL,-0.000929
I3,MCR,0.014891
I3,MI,0.081036
I3,NSML,0.015588
I3,NSMR,0.030158
I4,M1,0.026683
I4,M3L,0.001097
I4,M3R,0.001604
I4,MI,0.028100
I4,NSML,0.000706
I4,NSMR,0.007156
I6,M4,0.044665
I6,M5,0.062011
I6,NSML,0.001985
I6,NSMR,0.007765
IL1DL,IL1DR,0.049203
IL1DL,IL1VL,0.005849
IL1DL,OLLL,0.093618
IL1DL,RIH,-0.002695
IL1DL,RIPL,0.031800
IL1DL,RMDDR,-0.007243
IL1DL,RMDVL,0.016266
IL1DL,RMEL,-0.014265
IL1DL,RMEV,-0.000040
IL1DL,URADL,0.061734
IL1DL,URYDL,0.091969
IL1DR,IL1DL,0.056327
IL1DR,IL1VR,0.020837
IL1DR,OLLL,0.031905
IL1DR,OLLR,0.050855
IL1DR,OLQDR,0.097496
IL1DR,RMDDL,0.014010
IL1DR,RMDVR,0.003623
IL1DR,RMER,0.012822
IL1DR,RMEV,0.033012
IL1VL,IL1DL,0.012900
IL1VL,IL1VR,0.064582
IL1VL,OLLL,-0.006573
IL1VL,RIPL,-0.027878
IL1VL,RMDDL,-0.000328
IL1VL,RMDVR,-0.003688
IL1VL,RMED,0.021215
IL1VL,RMEL,-0.006207
IL1VL,RMER,-0.017100
IL1VL,RMEV,-0.008249
IL1VL,URAVL,-0.011522
IL1VL,URYVL,0.001705
IL1VR,IL1DR,0.008978
IL1VR,IL1VL,0.084587
IL1VR,IL2VR,0.037237
IL1VR,OLLR,0.022722
IL1VR,RMDDR,-0.000624
IL1VR,RMED,-0.004125
IL1VR,RMER,-0.007142
IL2DL,ADAL,0.014517
IL2DL,AUAL,-0.000330
IL2DL,AVEL,-0.003830
IL2DL,CEPDL,0.006016
IL2DL,IL1DL,0.007003
IL2DL,IL2L,-0.003132
IL2DL,OLQDL,0.016941
IL2DL,RIBL,-0.002144
IL2DL,RICR,0.000991
IL2DL,RIGL,0.002054
IL2DL,RIH,0.002649
IL2DL,RIPL,0.005479
IL2DL,RMDVL,0.008938
IL2DL,RMED,0.000409
IL2DL,RMEL,0.005419
IL2DL,RMER,0.001143
IL2DL,RMEV,-0.000473
IL2DL,URADL,-0.003292
IL2DL,URYDL,-0.008543
IL2DR,ASIR,0.018870
IL2DR,AVER,-0.006275
IL2DR,CEPDR,0.002358
IL2DR,IL1DR,0.012582
IL2DR,OLQDR,-0.037273
IL2DR,RICL,0.035905
IL2DR,RICR,0.016331
IL2DR,RIH,-0.001680
IL2DR,RMDVR,0.004251
IL2DR,RMED,-0.005065
IL2DR,RMEL,-0.019130
IL2DR,RMER,0.033872
IL2DR,RMEV,-0.000943
IL2DR,URADR,0.015498
IL2DR,URXR,0.006652
IL2L,ADEL,0.010603
IL2L,ADLL,0.002398
IL2L,AVEL,0.005494
IL2L,IL1DL,-0.016186
IL2L,OLLL,0.069177
IL2L,OLQDL,-0.016592
IL2L,OLQVL,0.001920
IL2L,RICL,0.063100
IL2L,RICR,-0.014643
IL2L,RIH,-0.002770
IL2L,RMDL,0.010391
IL2L,RMDR,-0.015433
IL2L,RMER,0.009555
IL2L,RMEV,-0.003294
IL2L,RMGL,0.000325
IL2L,SAADR,-0.000225
IL2L,SMBVL,-0.006288
IL2L,URAVL,-0.004702
IL2L,URBL,0.296983
IL2L,URXL,0.026058
IL2VL,BAGR,0.024467
IL2VL,IL1VL,0.002678
IL2VL,IL2L,-0.005751
IL2VL,OLQVL,0.112624
IL2VL,RIAL,-0.015839
IL2VL,RIBL,-0.010745
IL2VL,RIH,-0.016424
IL2VL,RIPL,-0.026542
IL2VL,RMDDL,-0.006702
IL2VL,RMED,-0.037741
IL2VL,RMEL,-0.009012
IL2VL,RMER,-0.005289
IL2VL,RMEV,-0.021389
IL2VL,URAVL,-0.004134
IL2VL,URXL,0.007610
IL2VR,CEPVR,0.006623
IL2VR,IL1VR,0.015099
IL2VR,OLQVR,-0.007395
IL2VR,RIAR,-0.013064
IL2VR,RIH,0.002882
IL2VR,RMDDR,-0.005851
IL2VR,RMDVL,0.008916
IL2VR,RMED,-0.002142
IL2VR,RMEL,0.003203
IL2VR,RMER,0.003127
IL2VR,RMEV,-0.007183
IL2VR,URAVR,0.000911
IL2VR,URXR,0.006573
IL2VR,URYVR,0.007623
M1,I2L,0.017827
M1,I2R,0.014377
M1,I3,0.006402
M1,I4,0.023785
M1,MI,0.012829
M2L,I3,-0.010394
M2L,M2R,0.050153
M2L,M4,0.056323
M2L,M5,-0.000692
M2L,MCL,-0.004607
M2L,MCR,-0.029341
M2L,MI,0.036972
M2R,I3,-0.004460
M2R,M2L,0.044040
M2R,M3L,-0.004769
M2R,M3R,-0.004925
M2R,M4,0.003178
M2R,M5,0.020037
M2R,MCL,0.009333
M2R,MCR,0.032460
M2R,MI,0.017532
M3L,M2R,-0.011938
M3L,M3R,0.052826
M3L,MCL,0.013908
M3L,MCR,0.020292
M3L,MI,0.003741
M3R,M2R,0.000071
M3R,M3L,0.063351
M3R,MCL,0.028278
M3R,MCR,0.051186
M3R,MI,0.013224
M4,I6,0.096326
M4,M1,-0.001873
M4,M2L,0.060906
M4,M2R,0.002314
M4,M5,-0.069784
M5,I6,0.050420
M5,M1,0.040687
M5,M2L,0.002614
M5,M2R,0.011508
M5,M4,-0.031589
MCL,M2L,-0.002376
MCL,M2R,0.009549
MCL,M3L,0.016756
MCL,M3R,0.022679
MCL,MI,0.063590
MCR,M2L,-0.033500
MCR,M2R,0.034255
MCR,M3L,0.016829
MCR,M3R,0.032004
MCR,MI,0.052533
MI,I1L,0.016023
MI,I1R,0.024243
MI,I3,0.073548
MI,I4,0.051776
MI,M1,0.018309
MI,M2L,0.030190
MI,M2R,0.023233
MI,M3L,0.007864
MI,M3R,0.003753
MI,MCL,0.034646
MI,MCR,0.043131
NSML,I6,0.007443
NSMR,I6,0.007952
NSMR,M3L,0.029843
NSMR,M3R,0.033092
OLLL,ADEL,-0.027417
OLLL,AVER,-0.009273
OLLL,CEPDL,0.056452
OLLL,CEPVL,-0.001447
OLLL,IL1DL,0.028677
OLLL,IL1DR,0.006399
OLLL,IL1VL,-0.014637
OLLL,IL2L,0.050749
OLLL,OLLR,0.047159
OLLL,OLQDL,0.022718
OLLL,OLQVL,0.001344
OLLL,RIBL,-0.005278
OLLL,RIBR,-0.010056
OLLL,RIGL,0.018242
OLLL,RMDDL,-0.008251
OLLL,RMDL,-0.011001
OLLL,RMDR,-0.005239
OLLL,RMDVL,-0.004510
OLLL,RMED,-0.009099
OLLL,RMEL,0.002843
OLLL,RMEV,-0.014735
OLLL,SMDDL,-0.005185
OLLL,SMDDR,-0.005880
OLLL,SMDVL,0.003491
OLLL,SMDVR,0.013412
OLLL,URXL,-0.021696
OLLL,URYDL,0.110136
OLLL,URYVL,0.046109
OLLR,AVEL,-0.003754
OLLR,CEPDR,-0.000475
OLLR,CEPVR,-0.032246
OLLR,IL1DR,0.011886
OLLR,IL1VR,0.022235
OLLR,OLLL,0.044817
OLLR,OLQDR,0.010075
OLLR,OLQVR,0.033050
OLLR,RIBR,0.046974
OLLR,RIGR,-0.027998
OLLR,RMDDR,-0.005747
OLLR,RMDL,-0.028263
OLLR,RMDR,0.022785
OLLR,RMDVR,-0.002746
OLLR,RMEL,0.015515
OLLR,RMER,0.030074
OLLR,SMDDL,0.005139
OLLR,SMDDR,0.010458
OLLR,SMDVL,-0.008083
OLLR,SMDVR,-0.014737
OLLR,URYVR,0.085307
OLQDL,AVER,-0.002898
OLQDL,CEPDL,-0.000640
OLQDL,IL1DL,0.010294
OLQDL,IL2DL,0.054362
OLQDL,IL2L,-0.026092
OLQDL,OLLL,0.035171
OLQDL,RIBL,-0.018644
OLQDL,RICL,-0.038019
OLQDL,RICR,-0.027320
OLQDL,RIGL,0.021267
OLQDL,RIH,0.001292
OLQDL,RMDDL,-0.014613
OLQDL,RMDDR,0.005910
OLQDL,RMDVL,-0.006388
OLQDL,RMEV,-0.000228
OLQDL,SMBDR,-0.012016
OLQDL,URBL,0.193130
OLQDR,AVEL,-0.011017
OLQDR,CEPDR,0.007861
OLQDR,IL1DR,0.059261
OLQDR,OLLR,0.000723
OLQDR,RIBR,0.016547
OLQDR,RICL,-0.006309
OLQDR,RICR,0.014119
OLQDR,RIGR,0.016100
OLQDR,RIH,0.003585
OLQDR,RMDDL,-0.003806
OLQDR,RMDVR,0.003989
OLQDR,RMER,-0.018656
OLQDR,SMBDL,0.005436
OLQDR,URBR,0.018588
OLQVL,ADAL,0.002401
OLQVL,ADLL,0.002782
OLQVL,AVER,-0.004599
OLQVL,CEPVL,-0.008772
OLQVL,IL1VL,0.009947
OLQVL,IL2L,0.002099
OLQVL,IL2VL,0.122895
OLQVL,RIBL,0.003698
OLQVL,RICL,0.038052
OLQVL,RICR,-0.002132
OLQVL,RIGL,0.002466
OLQVL,RIH,0.009226
OLQVL,RIPL,0.010006
OLQVL,RMDDL,0.002139
OLQVL,RMDVR,0.003264
OLQVL,RMED,0.010689
OLQVL,RMEL,0.050073
OLQVL,RMGL,0.000547
OLQVL,URBL,-0.000792
OLQVR,AVEL,0.014766
OLQVR,CEPVR,-0.063603
OLQVR,IL1VR,0.004942
OLQVR,IL2VR,-0.010472
OLQVR,OLLR,0.027929
OLQVR,RIBR,-0.016306
OLQVR,RICL,-0.046123
OLQVR,RICR,-0.002828
OLQVR,RIGR,0.005744
OLQVR,RIH,0.013406
OLQVR,RMDDR,-0.014352
OLQVR,RMDVL,0.017442
OLQVR,RMED,-0.015058
OLQVR,RMER,0.012518
OLQVR,URBR,0.063516
RIAL,BAGR,0.026526
RIAL,CEPDL,0.022519
RIAL,CEPVL,0.029320
RIAL,RIAR,0.044074
RIAL,RIML,-0.040100
RIAL,RIVL,-0.018716
RIAL,RIVR,0.009018
RIAL,RMDDL,0.012050
RIAL,RMDDR,0.003455
RIAL,RMDL,0.006836
RIAL,RMDR,0.012452
RIAL,RMDVL,0.030700
RIAL,RMDVR,0.013510
RIAL,SMBDL,-0.006615
RIAL,SMBDR,0.003045
RIAL,SMBVL,0.009098
RIAL,SMBVR,0.056927
RIAL,SMDDL,-0.020248
RIAL,SMDDR,-0.017138
RIAL,SMDVL,0.054220
RIAL,SMDVR,0.038047
RIAL,URXL,0.001822
RIAR,AVAR,0.017317
RIAR,CEPDL,-0.002778
RIAR,CEPDR,0.062176
RIAR,CEPVL,0.005940
RIAR,CEPVR,0.010042
RIAR,RIAL,0.041200
RIAR,RIVL,0.031772
RIAR,RIVR,-0.003154
RIAR,RMDDL,-0.004865
RIAR,RMDDR,0.003824
RIAR,RMDL,0.010548
RIAR,RMDR,0.028500
RIAR,RMDVL,0.008431
RIAR,RMDVR,0.021006
RIAR,RMFR,-0.002130
RIAR,SAADR,-0.000445
RIAR,SAAVL,0.033520
RIAR,SMBDL,0.019150
RIAR,SMBVL,-0.023090
RIAR,SMDDL,-0.009667
RIAR,SMDDR,-0.011018
RIAR,SMDVL,0.015069
RIAR,SMDVR,0.025347
RIBL,AIYL,0.000599
RIBL,AIZL,-0.000785
RIBL,AUAL,0.002572
RIBL,AUAR,-0.003064
RIBL,AVAL,-0.010388
RIBL,AVAR,0.003373
RIBL,AVBL,0.030474
RIBL,AVBR,-0.006534
RIBL,AVDR,0.002326
RIBL,AVEL,0.002525
RIBL,AVER,-0.016218
RIBL,BAGL,-0.012865
RIBL,BAGR,0.027994
RIBL,CEPDL,0.009585
RIBL,CEPVL,0.003620
RIBL,OLLL,-0.009319
RIBL,OLQDL,-0.014085
RIBL,OLQVL,-0.002065
RIBL,RIAL,-0.066009
RIBL,RIBR,-0.000042
RIBL,RIGL,0.002957
RIBL,RIH,-0.005448
RIBL,RIML,0.000085
RIBL,RIS,0.000898
RIBL,RIVL,0.106189
RIBL,RMDR,-0.020647
RIBL,SMBDL,-0.004171
RIBL,SMDDL,0.025226
RIBL,SMDDR,-0.010556
RIBL,SMDVL,0.052288
RIBL,SMDVR,-0.042292
RIBL,URYDL,0.003616
RIBL,URYVL,0.021546
RIBR,AIZR,-0.001445
RIBR,AUAR,0.004905
RIBR,AVAR,0.000287
RIBR,AVBL,0.049630
RIBR,AVBR,-0.005827
RIBR,AVDL,0.011887
RIBR,AVEL,0.008823
RIBR,AVER,0.018624
RIBR,BAGL,0.038961
RIBR,BAGR,0.036380
RIBR,OLLR,0.053043
RIBR,OLQDR,0.024810
RIBR,OLQVR,-0.008245
RIBR,RIAR,0.018440
RIBR,RIBL,0.002914
RIBR,RIGR,-0.011636
RIBR,RIH,0.001722
RIBR,RIMR,0.068703
RIBR,RIS,-0.001505
RIBR,RMDL,0.022548
RIBR,RMFR,0.002285
RIBR,SMBDR,-0.003622
RIBR,SMDDL,-0.026647
RIBR,SMDDR,0.046866
RIBR,SMDVL,0.011361
RIBR,URYDR,0.074989
RIBR,URYVR,-0.006790
RICL,ADAL,-0.019653
RICL,ADAR,0.031427
RICL,ASHL,0.011950
RICL,AVAL,0.001339
RICL,AVAR,0.007389
RICL,AVBR,0.004896
RICL,AVDL,0.005282
RICL,AVEL,0.010863
RICL,AVKL,-0.019796
RICL,AVKR,0.011210
RICL,AWBR,0.021568
RICL,CEPDL,-0.032075
RICL,CEPDR,0.042086
RICL,CEPVL,0.051977
RICL,CEPVR,0.016933
RICL,RICR,0.000348
RICL,RIML,-0.012762
RICL,RIMR,-0.002053
RICL,RIVL,-0.029005
RICL,RIVR,0.007762
RICL,RMFR,-0.007447
RICL,SAADL,0.042055
RICL,SMBDL,0.006423
RICL,SMBDR,0.045791
RICL,SMDDL,0.005460
RICL,SMDDR,0.034697
RICL,SMDVL,-0.000173
RICL,SMDVR,-0.004147
RICL,URBL,0.034079
RICL,URXL,-0.005095
RICL,URXR,0.005079
RICR,ADAL,-0.019612
RICR,ADAR,0.001421
RICR,ASHR,-0.001614
RICR,AVAL,-0.008359
RICR,AVAR,-0.009670
RICR,AVBL,-0.004179
RICR,AVKL,-0.011352
RICR,AVKR,-0.000921
RICR,CEPDL,0.023818
RICR,CEPVL,-0.008784
RICR,CEPVR,-0.014238
RICR,RICL,-0.011789
RICR,RIML,-0.001325
RICR,RIMR,0.001239
RICR,RIS,-0.005468
RICR,RIVL,-0.009486
RICR,RIVR,0.001850
RICR,RMGL,0.001039
RICR,SAADR,-0.001907
RICR,SMBDR,0.004585
RICR,SMDDL,0.008804
RICR,SMDDR,-0.003553
RICR,SMDVL,-0.007920
RICR,SMDVR,0.001493
RICR,URBL,0.026605
RID,AIZR,0.001461
RID,ALA,0.113521
RID,AVBL,-0.127223
RID,AVBR,0.026136
RID,DB1,0.004698
RID,DD1,0.021798
RID,RICR,0.044616
RIGL,AIZL,0.012639
RIGL,AIZR,-0.004483
RIGL,AQR,0.000805
RIGL,ASHL,0.007990
RIGL,AVBR,-0.000571
RIGL,AVEL,-0.001697
RIGL,AVER,0.001994
RIGL,AVKL,0.006378
RIGL,AVKR,-0.016659
RIGL,BAGR,-0.015504
RIGL,OLLL,-0.004827
RIGL,OLQDL,0.009094
RIGL,OLQVL,-0.003255
RIGL,RIAL,-0.004706
RIGL,RIBL,-0.002689
RIGL,RIGR,-0.005380
RIGL,RIML,-0.000948
RIGL,RIVR,0.002810
RIGL,RMEL,0.001527
RIGL,RMFR,0.001838
RIGL,RMGL,0.001084
RIGL,SAADL,-0.002376
RIGL,URXL,0.001139
RIGL,URYDL,-0.003830
RIGL,URYVL,-0.003169
RIGL,VB2,0.003280
RIGR,AIZL,-0.001782
RIGR,AIZR,0.002661
RIGR,AQR,-0.008495
RIGR,AVEL,0.001991
RIGR,AVER,-0.002143
RIGR,AVKL,0.009244
RIGR,AVKR,0.083543
RIGR,BAGL,0.002938
RIGR,BAGR,0.059746
RIGR,OLLR,-0.008479
RIGR,OLQDR,0.017683
RIGR,OLQVR,0.001451
RIGR,RIBR,-0.010311
RIGR,RIGL,0.033464
RIGR,RMFR,-0.007026
RIGR,SAADR,0.000098
RIGR,URYDR,0.055632
RIGR,URYVR,0.007040
RIH,AIYL,0.000065
RIH,AIYR,-0.004863
RIH,AIZL,-0.002725
RIH,AIZR,0.004092
RIH,AUAL,0.003187
RIH,AUAR,-0.004710
RIH,AVEL,0.017934
RIH,AVER,0.003571
RIH,BAGL,0.026937
RIH,BAGR,0.034371
RIH,CEPDL,0.000103
RIH,CEPDR,-0.023785
RIH,CEPVL,0.051448
RIH,CEPVR,0.057018
RIH,FLPL,0.008548
RIH,FLPR,0.002663
RIH,IL1VL,0.035466
RIH,IL1VR,0.008987
RIH,IL2L,0.010923
RIH,IL2VL,0.004679
RIH,IL2VR,0.029356
RIH,OLQDL,0.008207
RIH,OLQDR,-0.001863
RIH,OLQVL,0.010508
RIH,OLQVR,0.051016
RIH,RIAL,0.028935
RIH,RIAR,0.009128
RIH,RIBL,-0.000159
RIH,RIBR,0.001685
RIH,RIGR,-0.011254
RIH,RIPL,0.062552
RIH,RMED,-0.014578
RIH,RMER,0.033073
RIH,RMEV,0.002484
RIH,SMDVL,-0.013827
RIH,URAVL,0.088911
RIH,URAVR,0.103484
RIH,URYVL,0.060434
RIH,URYVR,0.029218
RIML,ADAL,0.015140
RIML,ADER,0.019461
RIML,AIYL,-0.000105
RIML,AIZL,-0.004049
RIML,AVAL,0.018330
RIML,AVAR,0.021215
RIML,AVBL,-0.011348
RIML,AVBR,-0.000615
RIML,AVEL,0.033947
RIML,AVER,0.025047
RIML,AVJR,0.010210
RIML,AVKL,0.003599
RIML,AVKR,-0.051000
RIML,FLPL,0.013126
RIML,OLLR,0.008951
RIML,RIAL,-0.013054
RIML,RIBL,0.004608
RIML,RIBR,-0.004343
RIML,RIGL,0.015315
RIML,RIMR,0.028092
RIML,RIS,-0.000683
RIML,RMDL,0.080585
RIML,RMDR,0.046741
RIML,RMFR,-0.003773
RIML,SAADL,0.064789
RIML,SAADR,0.012267
RIML,SAAVL,-0.007219
RIML,SAAVR,-0.012436
RIML,SMDDL,0.007780
RIML,SMDDR,0.016959
RIML,SMDVL,-0.065284
RIML,SMDVR,0.008836
RIML,URXL,-0.004925
RIMR,ADAR,0.007371
RIMR,AIYR,-0.007693
RIMR,AUAR,-0.008913
RIMR,AVAL,0.005104
RIMR,AVAR,-0.010463
RIMR,AVBL,-0.007935
RIMR,AVBR,0.006698
RIMR,AVEL,-0.003120
RIMR,AVER,-0.048651
RIMR,AVJL,0.005078
RIMR,AVKL,0.011572
RIMR,BAGL,-0.043616
RIMR,RIAL,-0.006140
RIMR,RIBL,0.001832
RIMR,RIBR,0.049153
RIMR,RIGR,0.003602
RIMR,RIML,0.003263
RIMR,RIS,0.003215
RIMR,RMDL,0.000578
RIMR,RMDR,-0.009657
RIMR,RMFR,-0.003027
RIMR,SAADL,-0.004580
RIMR,SAADR,0.007579
RIMR,SAAVL,0.006619
RIMR,SAAVR,0.025969
RIMR,SMDDL,-0.011965
RIMR,SMDDR,-0.028363
RIMR,SMDVL,0.014627
RIMR,SMDVR,0.008464
RIPL,I1R,0.064844
RIPL,OLQDL,0.050997
RIPL,OLQDR,0.081311
RIPL,OLQVL,-0.000315
RIPL,RMED,0.047143
RIS,AVEL,0.007822
RIS,AVER,-0.028294
RIS,AVJL,0.003303
RIS,AVJR,0.001319
RIS,AVKL,0.003055
RIS,AVKR,0.035709
RIS,CEPDL,-0.013154
RIS,CEPDR,0.029425
RIS,CEPVL,0.011748
RIS,CEPVR,0.003023
RIS,DB1,0.003070
RIS,OLLL,0.001955
RIS,OLLR,0.027317
RIS,OLQDR,-0.000497
RIS,RIBL,0.000990
RIS,RIBR,-0.003642
RIS,RICL,-0.088283
RIS,RICR,-0.057639
RIS,RIML,-0.005824
RIS,RIMR,-0.024639
RIS,RMDDL,0.001444
RIS,RMDDR,0.006721
RIS,RMDL,0.008865
RIS,RMDR,-0.051719
RIS,RMEV,-0.002488
RIS,RMFR,-0.002054
RIS,SMDDL,-0.007905
RIS,SMDDR,0.004803
RIS,SMDVL,-0.005207
RIS,SMDVR,0.009410
RIS,URYDL,0.004891
RIS,URYDR,0.023190
RIS,URYVL,0.006826
RIS,URYVR,-0.005892
RIVL,ADEL,-0.006113
RIVL,AVEL,-0.001603
RIVL,RIAL,0.029311
RIVL,RIAR,0.027068
RIVL,RIBL,0.071249
RIVL,RIVR,0.061107
RIVL,RMDDR,-0.000811
RIVL,RMDL,-0.008605
RIVL,RMDVL,-0.014103
RIVL,RMFR,0.000924
RIVL,SAADR,-0.000558
RIVL,SMDDR,-0.009870
RIVL,SMDVL,-0.014024
RIVR,AVEL,0.000543
RIVR,AVER,0.009089
RIVR,RIAL,-0.003879
RIVR,RIAR,0.010353
RIVR,RICR,0.017768
RIVR,RIVL,0.082253
RIVR,RMDDL,0.005530
RIVR,RMDR,0.004837
RIVR,RMDVR,0.005647
RIVR,RMEV,0.003490
RIVR,RMGL,0.000567
RIVR,SAADL,-0.007344
RIVR,SMBVL,0.013981
RIVR,SMDDL,-0.000998
RIVR,SMDVL,-0.011529
RIVR,SMDVR,0.032798
RMDDL,AVER,0.009437
RMDDL,IL1DR,0.000396
RMDDL,OLQVL,-0.002878
RMDDL,RIAR,0.056631
RMDDL,RMDDR,0.048154
RMDDL,RMDL,0.005692
RMDDL,RMDVL,0.023040
RMDDL,RMDVR,0.029899
RMDDL,RMEV,0.012700
RMDDL,SAADL,0.021005
RMDDL,SMBDL,0.048768
RMDDL,SMDDL,0.021647
RMDDL,URADR,-0.016265
RMDDL,URYDR,0.016274
RMDDR,AVEL,-0.013304
RMDDR,IL1DL,0.001519
RMDDR,OLQDL,0.003718
RMDDR,OLQVR,-0.010692
RMDDR,RIS,0.005606
RMDDR,RMDDL,0.050167
RMDDR,RMDL,0.011987
RMDDR,RMDR,0.011906
RMDDR,RMDVL,0.007557
RMDDR,RMDVR,0.005167
RMDDR,RMED,0.003644
RMDDR,RMEV,0.006623
RMDDR,SAADR,0.071827
RMDDR,SMBDR,-0.026647
RMDDR,SMDDR,0.029216
RMDDR,URYDL,0.002062
RMDL,ADER,-0.011381
RMDL,AVEL,0.019476
RMDL,OLLR,-0.031256
RMDL,RIAL,0.007414
RMDL,RIAR,0.004049
RMDL,RIBR,0.010283
RMDL,RIML,0.038878
RMDL,RIVL,-0.011052
RMDL,RMDDL,0.004218
RMDL,RMDDR,0.006604
RMDL,RMDR,0.000372
RMDL,RMDVL,0.037236
RMDL,RMDVR,0.004725
RMDL,RMEL,-0.004357
RMDL,RMER,-0.005897
RMDL,SMBVR,0.019918
RMDL,SMDDL,-0.001170
RMDL,SMDVL,0.030871
RMDR,AVKL,0.005737
RMDR,CEPVL,0.007277
RMDR,IL2L,-0.005864
RMDR,OLLL,0.014034
RMDR,RIAL,0.010948
RMDR,RIAR,0.034586
RMDR,RIBL,0.002174
RMDR,RIMR,-0.006661
RMDR,RIS,-0.003273
RMDR,RMDDL,0.003777
RMDR,RMDDR,0.000241
RMDR,RMDL,0.001034
RMDR,RMDVL,0.013078
RMDR,RMDVR,-0.003724
RMDR,RMER,0.007473
RMDR,RMFR,0.002919
RMDR,RMGL,-0.003591
RMDR,SMDDR,-0.015383
RMDR,SMDVR,0.007547
RMDVL,AVEL,0.015334
RMDVL,AVER,0.005306
RMDVL,IL1VR,0.001548
RMDVL,OLQDL,0.001554
RMDVL,OLQVR,0.007160
RMDVL,RMDDL,0.005008
RMDVL,RMDDR,0.001890
RMDVL,RMDL,0.035186
RMDVL,RMDVR,0.009029
RMDVL,RMED,0.005847
RMDVL,SAAVL,0.022631
RMDVL,SMBVR,-0.001192
RMDVL,SMDVL,0.018336
RMDVR,AVAR,0.034085
RMDVR,AVEL,0.003245
RMDVR,AVER,0.016905
RMDVR,CEPDR,-0.005442
RMDVR,OLQDR,0.000165
RMDVR,OLQVL,-0.000947
RMDVR,RIVR,-0.003554
RMDVR,RMDDL,0.024556
RMDVR,RMDDR,-0.004593
RMDVR,RMDR,0.021409
RMDVR,RMDVL,0.006316
RMDVR,RMED,-0.003351
RMDVR,SAAVR,0.012401
RMDVR,SMBVL,-0.039385
RMDVR,SMDVR,0.019112
RMED,AVEL,0.004175
RMED,IL1VL,0.023220
RMED,IL1VR,-0.001857
RMED,RIBL,0.001205
RMED,RIBR,-0.000278
RMED,RIPL,0.044545
RMED,RMDVL,0.007366
RMED,RMDVR,0.001009
RMED,RMEL,0.031309
RMED,RMER,0.073779
RMED,RMEV,-0.034072
RMED,SMDDL,0.004154
RMED,SMDDR,-0.002736
RMEL,AVEL,-0.012583
RMEL,IL2VL,-0.000007
RMEL,RIGL,-0.007537
RMEL,RMDL,-0.011071
RMEL,RMED,0.014602
RMEL,RMEV,0.044107
RMER,AVEL,-0.013959
RMER,RMDDR,0.009708
RMER,RMDR,-0.009710
RMER,RMED,0.044099
RMER,RMEV,0.051416
RMEV,AVEL,0.006886
RMEV,AVER,-0.004031
RMEV,IL1DL,-0.002244
RMEV,IL1DR,0.014005
RMEV,RMDDR,0.007025
RMEV,RMED,-0.017949
RMEV,RMEL,0.045488
RMEV,RMER,0.046212
RMEV,SMDDR,-0.003588
RMEV,SMDVL,0.002191
RMEV,SMDVR,0.002214
RMFR,AVEL,-0.000919
RMFR,AVKL,0.004232
RMFR,AVKR,0.056206
RMFR,AWBR,-0.000406
RMFR,BAGR,-0.014025
RMFR,CEPDL,-0.002554
RMFR,RIBL,0.000565
RMFR,RIGL,0.012470
RMFR,RIML,-0.020077
RMFR,RIS,-0.000569
RMFR,RIVR,0.004676
RMFR,RMDL,0.013600
RMFR,RMDR,0.059513
RMFR,RMDVL,-0.026593
RMFR,RMGL,0.001043
RMFR,SAADL,0.145044
RMGL,ADAL,0.012067
RMGL,ADLL,-0.000230
RMGL,AIML,0.002161
RMGL,ASHL,-0.004109
RMGL,ASKL,-0.003391
RMGL,AVAL,0.001342
RMGL,AVBL,0.006446
RMGL,AVBR,0.001112
RMGL,AVEL,-0.005563
RMGL,AVJR,-0.002061
RMGL,AWBL,-0.002263
RMGL,CEPDL,-0.011408
RMGL,IL2L,-0.001140
RMGL,OLQVL,0.001190
RMGL,RIAR,0.043480
RMGL,RICR,0.051762
RMGL,RID,-0.001310
RMGL,RMDDL,0.012295
RMGL,RMDDR,-0.042835
RMGL,RMDL,-0.006675
RMGL,RMDR,-0.076211
RMGL,RMDVL,0.006361
RMGL,RMDVR,-0.013525
RMGL,RMFR,-0.000493
RMGL,SAADR,0.015696
RMGL,SAAVL,-0.013206
RMGL,SAAVR,-0.037764
RMGL,SMBDL,0.000549
RMGL,SMBVL,-0.018721
RMGL,URXL,-0.002608
SAADL,AVAL,-0.011850
SAADL,OLLR,0.023623
SAADL,RIML,0.047290
SAADL,RIMR,-0.008327
SAADL,RIVR,-0.012016
SAADL,RMDDL,0.059813
SAADL,RMFR,0.032882
SAADL,SMBDL,-0.008975
SAADL,SMDVR,-0.006046
SAADR,AVAL,-0.001556
SAADR,AVAR,-0.014002
SAADR,AVEL,0.005721
SAADR,IL2L,-0.002326
SAADR,OLLL,0.011497
SAADR,RIML,0.018472
SAADR,RIMR,0.010826
SAADR,RMDDR,0.107823
SAADR,RMGL,0.003818
SAADR,SAAVL,0.005836
SAADR,SMBDR,0.013928
SAADR,SMDVL,-0.016011
SAAVL,AVAL,0.027633
SAAVL,AVEL,0.010508
SAAVL,OLLR,0.004166
SAAVL,RIAR,0.066829
SAAVL,RIML,-0.010824
SAAVL,RIMR,-0.001388
SAAVL,RMDVL,0.030142
SAAVL,RMFR,-0.000334
SAAVL,SAADR,0.007334
SAAVL,SMBVR,-0.002231
SAAVL,SMDDR,0.000826
SAAVR,AVAR,0.032529
SAAVR,OLLL,-0.013368
SAAVR,RIML,-0.015462
SAAVR,RIMR,0.015092
SAAVR,RMDVR,0.004373
SAAVR,SMBVL,-0.059997
SAAVR,SMDDL,0.014057
SABD,AVAL,0.006913
SABVR,AVAL,-0.057281
SABVR,AVAR,0.077204
SABVR,DA1,0.090701
SMBDL,ADAL,0.016884
SMBDL,AVAR,-0.006263
SMBDL,AVKL,0.014587
SMBDL,AVKR,-0.011584
SMBDL,RIBL,-0.004999
SMBDL,RMDDL,0.074585
SMBDL,RMED,0.001142
SMBDL,SAADL,0.063060
SMBDL,SAAVL,-0.013408
SMBDL,SAAVR,0.075183
SMBDL,SMBVL,0.095524
SMBDR,ADAL,0.024517
SMBDR,AVAL,-0.011589
SMBDR,AVAR,-0.002759
SMBDR,AVKL,0.065812
SMBDR,AVKR,0.172493
SMBDR,RIBR,-0.001532
SMBDR,RMDDR,0.002401
SMBDR,RMED,0.002375
SMBDR,SAADR,0.006233
SMBDR,SAAVL,0.003810
SMBDR,SAAVR,-0.011262
SMBVL,AVKL,-0.012168
SMBVL,RMDVR,-0.044726
SMBVL,RMEV,0.000294
SMBVL,SAADL,-0.057587
SMBVL,SAAVR,-0.084379
SMBVL,SMBDL,0.039382
SMBVR,AVKL,-0.032692
SMBVR,AVKR,-0.025873
SMBVR,CEPVR,0.001165
SMBVR,RMDVL,-0.003789
SMBVR,RMEV,0.010051
SMBVR,SAADR,-0.006236
SMBVR,SAAVL,0.009518
SMDDL,CEPDR,0.024270
SMDDL,RIAL,-0.017510
SMDDL,RIAR,-0.012202
SMDDL,RIBL,0.036641
SMDDL,RIBR,-0.032003
SMDDL,RIML,0.007607
SMDDL,RIS,-0.002287
SMDDL,RMDDL,0.022829
SMDDL,RMDL,0.000394
SMDDL,RMDR,0.007349
SMDDL,SAAVR,0.036886
SMDDL,SMDDR,0.063664
SMDDL,SMDVR,0.056912
SMDDR,CEPDL,0.007039
SMDDR,RIAL,-0.047388
SMDDR,RIAR,-0.057203
SMDDR,RIBL,-0.010919
SMDDR,RIBR,0.033919
SMDDR,RICL,0.094368
SMDDR,RIMR,-0.019896
SMDDR,RIS,0.001222
SMDDR,RMDDR,0.027088
SMDDR,RMDL,-0.003479
SMDDR,RMDR,-0.010293
SMDDR,SAAVL,0.009514
SMDDR,SMDDL,0.049086
SMDDR,SMDVL,0.037557
SMDDR,URYDL,-0.015718
SMDVL,AVKL,0.007840
SMDVL,AVKR,0.009003
SMDVL,RIAL,0.160213
SMDVL,RIAR,0.001039
SMDVL,RIBL,0.022596
SMDVL,RIBR,0.015762
SMDVL,RIS,-0.002864
SMDVL,RIVL,0.016179
SMDVL,RMDDR,0.000587
SMDVL,RMDL,0.016286
SMDVL,RMDVL,0.015585
SMDVL,RMED,0.004279
SMDVL,SAADR,-0.006147
SMDVL,SMDDL,0.010604
SMDVL,SMDDR,0.017911
SMDVL,SMDVR,0.024581
SMDVR,CEPVL,-0.032656
SMDVR,OLLL,-0.003358
SMDVR,RIAL,0.049722
SMDVR,RIAR,0.067588
SMDVR,RIBL,-0.058350
SMDVR,RIMR,0.010129
SMDVR,RIS,0.001987
SMDVR,RIVR,0.035206
SMDVR,RMDDL,0.004498
SMDVR,RMDVR,0.016479
SMDVR,SMDDL,0.052422
SMDVR,SMDVL,0.056105
SMDVR,VB1,0.028770
URADL,IL1DL,0.027899
URADL,RIPL,-0.004714
URADL,RMDDR,-0.006970
URADL,RMDVL,-0.008732
URADL,RMED,0.000418
URADL,RMEL,-0.000139
URADL,RMER,0.006539
URADR,IL1DR,0.000734
URADR,RMDDL,-0.031567
URADR,RMDVR,-0.008089
URADR,RMED,0.002036
URADR,RMER,-0.035276
URADR,URYDR,0.121029
URAVL,IL1VL,-0.016407
URAVL,IL2L,-0.026393
URAVL,RIPL,-0.036750
URAVL,RMEL,0.011852
URAVL,RMER,-0.006999
URAVL,RMEV,-0.019078
URAVR,IL1VR,0.010760
URAVR,RMDVL,0.008094
URAVR,RMEL,0.003599
URAVR,RMER,-0.002364
URAVR,RMEV,0.000522
URBL,ADAL,-0.008370
URBL,ADEL,-0.001964
URBL,AVBL,0.008688
URBL,AVDL,0.000581
URBL,AVDR,-0.005148
URBL,AVEL,0.001648
URBL,CEPDL,-0.014430
URBL,CEPVL,0.031633
URBL,OLLL,0.027055
URBL,OLQDL,-0.001041
URBL,OLQVL,0.001090
URBL,RIBL,0.000867
URBL,RICL,-0.002109
URBL,RICR,0.000531
URBL,RIVL,0.003524
URBL,RMDDL,0.004129
URBL,RMDDR,0.003123
URBL,RMDR,0.001060
URBL,RMEL,0.016279
URBL,RMGL,0.000556
URBL,SMBDR,-0.006023
URBL,SMBVL,0.004504
URBL,SMDDR,0.001260
URBL,SMDVL,-0.001159
URBL,URXL,0.000182
URBR,ADAR,0.009380
URBR,AVBL,-0.002097
URBR,AVBR,-0.001466
URBR,AVDL,-0.014687
URBR,AVJL,-0.001889
URBR,CEPDR,0.007195
URBR,CEPVR,0.091799
URBR,OLLR,0.049094
URBR,OLQDR,0.021294
URBR,OLQVR,0.087494
URBR,RICL,0.016056
URBR,RICR,0.004888
URBR,RMDL,0.004812
URBR,RMDR,0.045022
URBR,SMBDL,0.004369
URBR,URXR,0.016254
URXL,ADAL,-0.001012
URXL,AQR,0.006988
URXL,ASHL,-0.002510
URXL,AUAL,0.012434
URXL,AVAL,-0.001170
URXL,AVBL,0.010664
URXL,AVBR,-0.002657
URXL,AVEL,0.003102
URXL,AVHR,-0.000045
URXL,AVJR,0.008131
URXL,CEPVL,0.003607
URXL,IL2L,0.007356
URXL,RIAL,0.032498
URXL,RICL,-0.038131
URXL,RICR,0.037173
URXL,RIGL,0.001413
URXL,RIML,-0.006146
URXL,RMGL,-0.005451
URXL,SMBDR,-0.016318
URXL,URBL,-0.234381
URXR,ADAR,0.013035
URXR,AQR,-0.002596
URXR,AUAR,0.002408
URXR,AVBL,0.004954
URXR,AVBR,-0.004363
URXR,AVER,-0.008934
URXR,AVJL,0.002119
URXR,OLQVR,-0.007586
URXR,RIAR,0.062621
URXR,RICL,0.027375
URXR,RICR,-0.019994
URXR,RIGR,-0.003440
URXR,RMDR,0.007468
URXR,RMFR,-0.000862
URXR,SMBDL,-0.000952
URXR,URBR,0.005957
URYDL,AVAL,0.002207
URYDL,AVBL,0.011617
URYDL,AVBR,-0.008211
URYDL,AVDL,-0.002379
URYDL,AVDR,-0.014057
URYDL,AVEL,-0.001700
URYDL,AVER,0.012149
URYDL,CEPDL,-0.009582
URYDL,IL1DL,0.075799
URYDL,OLQDL,0.053915
URYDL,RIBL,0.008448
URYDL,RID,0.004022
URYDL,RIGL,-0.023163
URYDL,RMDDR,-0.003594
URYDL,RMDVL,0.006622
URYDL,RMED,0.001005
URYDL,RMEL,0.018725
URYDL,RMEV,-0.008064
URYDL,SMDDL,-0.003922
URYDL,SMDDR,-0.013003
URYDR,AVAR,0.023776
URYDR,AVBL,0.041110
URYDR,AVBR,-0.003527
URYDR,AVDR,-0.001790
URYDR,AVEL,0.003339
URYDR,AVER,0.015289
URYDR,IL1DR,0.026155
URYDR,OLLR,0.005332
URYDR,OLQDR,-0.000266
URYDR,RIBR,0.010103
URYDR,RIGR,0.007252
URYDR,RMDDL,0.007325
URYDR,RMDVR,0.018849
URYDR,RMED,-0.002573
URYDR,SMDDL,-0.003306
URYVL,AVAL,0.004233
URYVL,AVAR,-0.004162
URYVL,AVBL,0.024329
URYVL,AVBR,-0.005400
URYVL,AVER,0.025925
URYVL,IL1VL,0.014447
URYVL,OLLL,0.032193
URYVL,RIAL,-0.051670
URYVL,RIBL,0.023468
URYVL,RID,0.003026
URYVL,RIGL,-0.001683
URYVL,RIH,0.028821
URYVL,RIS,-0.000641
URYVL,RMDDL,-0.000602
URYVL,RMDR,0.034613
URYVL,RMDVR,0.010436
URYVL,SMDVR,0.021156
URYVR,AVAL,0.000597
URYVR,AVAR,0.005934
URYVR,AVBL,-0.010634
URYVR,AVBR,-0.000075
URYVR,AVDL,0.000863
URYVR,AVEL,-0.000014
URYVR,IL1VR,0.024526
URYVR,OLLR,0.026421
URYVR,RIAR,0.008311
URYVR,RIBR,-0.003640
URYVR,RIGR,0.004602
URYVR,RMDDR,0.006358
URYVR,RMDL,0.010842
URYVR,RMDVL,-0.003982
URYVR,RMEV,-0.006172
URYVR,SMDVL,-0.003266
VA1,AVAL,0.084317
VA1,DD1,0.156254
VB1,AVBL,-0.011693
VB1,AVKL,-0.000343
VB1,DB2,0.007969
VB1,DD1,0.044488
VB1,RIML,-0.003308
VB1,SAADL,-0.004167
VB1,SAADR,0.000145
VB1,SABD,0.055068
VB1,SMDVR,0.000724
VB1,VA1,0.013902
VB1,VB2,0.026295
VB2,AVBL,0.009845
VB2,AVBR,0.001049
VB2,DD1,-0.001068
VB2,RIGL,-0.006422
VB2,VB1,0.027012
